<?xml version="1.0" encoding="utf-8"?>
<odoo>
    <data noupdate="1">
        <!--Rule for Hide Scheduler -->
        <record model="ir.rule" id="common_no_edit_delete_cron_ept">
            <field name="name">Emipro: No Edit or Delete Cron</field>
            <field name="model_id" ref="model_ir_cron"/>
            <field name="global" eval="True"/>
            <field name="domain_force" eval="[('id', '!=', ref('common_connector_library.ir_cron_auto_delete_processed_queue_ept'))]"/>
            <field eval="1" name="perm_read"/>
            <field eval="0" name="perm_create"/>
            <field eval="0" name="perm_write"/>
            <field eval="0" name="perm_unlink"/>
        </record>
    </data>
</odoo>