<?xml version="1.0" encoding="utf-8"?>
<odoo>
    <data noupdate="1">
        <record id="ir_cron_auto_delete_processed_queue_ept" model="ir.cron">
            <field name="name">Emipro: Auto Delete Connector Queues</field>
            <field eval="True" name="active"/>
            <field name="user_id" ref="base.user_root"/>
            <field name="interval_number">1</field>
            <field name="interval_type">days</field>
            <field name="numbercall">-1</field>
            <field name="state">code</field>
            <field name="doall">False</field>
            <field name="model_id" ref="model_data_queue_mixin_ept"/>
            <field name="code">model.delete_data_queue_ept()</field>
        </record>
    </data>
</odoo>