<?xml version="1.0" encoding="utf-8"?>
<odoo>
    <data noupdate="1">
        <!--Sequence For Log-->
        <record id="seq_common_log_book_+ept" model="ir.sequence">
			<field name="name">Sequence Common Log Book</field>
            <field name="code">common.log.book.ept</field>
            <field name="prefix">LOG</field>
            <field name="padding">5</field>
            <field name="number_next">1</field>
            <field name="number_increment">1</field>
            <field name="company_id" eval="0"/>
		</record>
    </data>
</odoo>