<?xml version="1.0" encoding="utf-8"?>
<odoo noupdate="1">

    <!-- Sync Product Cron -->
    <record id="ir_cron_child_to_process_woo_synced_product_data"
            model="ir.cron">
        <field name="name">Woocommerce: Child Products Queue Cron</field>
        <field name="model_id"
               ref="model_woo_product_data_queue_line_ept"/>
        <field name="state">code</field>
        <field name="code">model.sync_woo_product_data()</field>
        <field name="user_id" ref="base.user_root"/>
        <field name="interval_number">10</field>
        <field name="interval_type">minutes</field>
        <field name="numbercall">1</field>
    </record>

    <record id="ir_cron_parent_woo_product_process_child_cron"
            model="ir.cron">
        <field name="name">Woocommerce: Parent Products Queue Cron</field>
        <field name="model_id"
               ref="model_woo_product_data_queue_line_ept"/>
        <field name="state">code</field>
        <field name="code">model.woo_product_process_child_cron()</field>
        <field name="user_id" ref="base.user_root"/>
        <field name="interval_number">2</field>
        <field name="interval_type">minutes</field>
        <field name="numbercall">-1</field>
    </record>

    <!-- Woo Order Process Cron -->
    <record id="process_woo_order_data_queue_parent_cron"
            model="ir.cron">
        <field name="name">WooCommerce:Parent Orders Queue Cron</field>
        <field name="active" eval="True"/>
        <field name="model_id"
               ref="model_woo_order_data_queue_line_ept"/>
        <field name="state">code</field>
        <field name="code">model.check_child_cron()</field>
        <field name="user_id" ref="base.user_root"/>
        <field name="interval_number">2</field>
        <field name="interval_type">minutes</field>
        <field name="numbercall">-1</field>
    </record>

    <record id="process_woo_order_data_queue_child_cron"
            model="ir.cron">
        <field name="name">WooCommerce: Child Orders Queue Cron</field>
        <field name="active" eval="False"/>
        <field name="model_id"
               ref="model_woo_order_data_queue_line_ept"/>
        <field name="state">code</field>
        <field name="code">model.auto_order_queue_lines_process()</field>
        <field name="user_id" ref="base.user_root"/>
        <field name="interval_number">10</field>
        <field name="interval_type">minutes</field>
        <field name="numbercall">1</field>
    </record>

    <!--woo coupon cron-->
    <record id="process_woo_coupon_data_queue_parent_cron"
            model="ir.cron">
        <field name="name">WooCommerce:Parent Coupon Queue Cron</field>
        <field name="active" eval="True"/>
        <field name="model_id"
               ref="model_woo_coupon_data_queue_line_ept"/>
        <field name="state">code</field>
        <field name="code">model.check_woo_coupon_child_cron()</field>
        <field name="user_id" ref="base.user_root"/>
        <field name="interval_number">2</field>
        <field name="interval_type">minutes</field>
        <field name="numbercall">-1</field>
    </record>

    <record id="process_woo_coupon_data_queue_child_cron"
            model="ir.cron">
        <field name="name">WooCommerce: Child Coupons Queue Cron</field>
        <field name="active" eval="False"/>
        <field name="model_id"
               ref="model_woo_coupon_data_queue_line_ept"/>
        <field name="state">code</field>
        <field name="code">model.auto_coupon_queue_lines_process()</field>
        <field name="user_id" ref="base.user_root"/>
        <field name="interval_number">10</field>
        <field name="interval_type">minutes</field>
        <field name="numbercall">1</field>
    </record>

    <record id="ir_cron_child_woo_customer_data_into_odoo"
            model="ir.cron">
        <field name="name">WooCommerce: Child Process Customer Queue</field>
        <field name="active" eval="False"/>
        <field name="model_id"
               ref="model_woo_customer_data_queue_line_ept"/>
        <field name="state">code</field>
        <field name="code">model.woo_customer_data_queue_to_odoo()</field>
        <field name="user_id" ref="base.user_root"/>
        <field name="interval_number">10</field>
        <field name="interval_type">minutes</field>
        <field name="numbercall">1</field>
    </record>

    <record id="ir_cron_parent_woo_customer_process_child_cron"
            model="ir.cron">
        <field name="name">WooCommerce: Parent Process Customer Queue</field>
        <field name="model_id"
               ref="model_woo_customer_data_queue_line_ept"/>
        <field name="state">code</field>
        <field name="code">model.woo_customer_process_child_cron()</field>
        <field name="user_id" ref="base.user_root"/>
        <field name="interval_number">2</field>
        <field name="interval_type">minutes</field>
        <field name="numbercall">-1</field>
    </record>

    <!-- Stock cron -->
    <record id="ir_cron_update_woo_stock" model="ir.cron">
        <field name="name">Update Woo Stock (Do Not Delete)</field>
        <field eval="False" name="active"/>
        <field name="user_id" ref="base.user_root"/>
        <field name="interval_number">1</field>
        <field name="interval_type">days</field>
        <field name="numbercall">-1</field>
        <field name="state">code</field>
        <field name="doall">False</field>
        <field eval="ref('model_woo_product_template_ept')"
               name="model_id"/>
        <field name="code">model.auto_update_stock()</field>
    </record>

    <record id="ir_cron_woo_import_order" model="ir.cron">
        <field name="name">Import Woo Order (Do Not Delete)</field>
        <field eval="False" name="active"/>
        <field name="user_id" ref="base.user_root"/>
        <field name="interval_number">1</field>
        <field name="interval_type">days</field>
        <field name="numbercall">-1</field>
        <field name="state">code</field>
        <field name="doall">False</field>
        <field name="model_id" ref="model_sale_order"/>
        <field name="code">model.import_woo_orders()</field>
    </record>

    <record id="ir_cron_woo_update_order_status" model="ir.cron">
        <field name="name">Update Woo Order Status (Do Not Delete)</field>
        <field eval="False" name="active"/>
        <field name="user_id" ref="base.user_root"/>
        <field name="interval_number">1</field>
        <field name="interval_type">days</field>
        <field name="numbercall">-1</field>
        <field name="state">code</field>
        <field name="doall">False</field>
        <field name="model_id" ref="model_sale_order"/>
        <field name="code">model.update_woo_order_status()</field>
    </record>

</odoo>
